Firma,Nazwa,Rejestr,Województwo,Numer KRS,Powiat,NIP,Gmina,REGON,Miejscowość,Forma prawna,Adres,Data wpisu do Rejestru Przedsiębiorców,Kod pocztowy,Data wpisu do Rejestru Stowarzyszeń,Adres WWW,Data wykreślenia z Rejestru Przedsiębiorców,Email,Data wykreślenia z Rejestru Stowarzyszeń,Data uprawomocnienia wykreślenia z KRS,Data przyznania statusu OPP,Data zawieszenia działalności,Data wznowienia działalności,Nazwa organu reprezentacji,Sposób reprezentacji,Status OPP,Wpisy dot. postępowania upadłościowego,Nazwa organu wydającego akt prawny,Sygnatura aktu prawnego,Data wydania aktu prawnego,Określenie sposobu prowadzenia postępowania upadłościowego,Data zakończenia postępowania upadłościowego,Sposób zakończenia postępowania upadłościowego
WABCO POLSKA SP Z O O,ZWIĄZEK ZAWODOWY PRACOWNIKÓW WABCO POLSKA SP. Z O.O.,Rejestr Stowarzyszeń,DOLNOŚLĄSKIE,312065,M. WROCŁAW,,M. WROCŁAW,,WROCŁAW,ZWIĄZEK ZAWODOWY,OSTROWSKIEGO 34,,53-238,2008-08-25 ,,,,,,,,,,"DO SKŁADANIA OŚWIADCZEŃ WOLI W SPRAWACH MAJĄTKOWYCH POZOSTAJĄCYCH W GESTII ZARZĄDU UPRAWNIENI SĄ: PRZEWODNICZĄCY ZWIĄZKU LUB UPOWAŻNIONY PRZEZ NIEGO CZŁONEK ZARZĄDU I SKARBNIK.
DO SKUTECZNEGO ZŁOŻENIA OŚWIADCZENIA WOLI KONIECZNE JEST ŁĄCZNE DZIAŁANIE DWÓCH OSÓB, W TYM SKARBNIKA.",NIE,NIE,,,,,,
VIBRACOUSTIC POLSKA SP Z O O,"""VIBRACOUSTIC POLSKA"" SPÓŁKA Z OGRANICZONĄ ODPOWIEDZIALNOŚCIĄ",Rejestr Przedsiębiorców,DOLNOŚLĄSKIE,23439,ŚREDZKI,5992471744.0,ŚRODA ŚLĄSKA,21096930700000.0,KOMORNIKI,SPÓŁKA Z OGRANICZONĄ ODPOWIEDZIALNOŚCIĄ,POLNA 7,2001-06-27,55-300, ,,,,,,,,,,"W ZARZĄDZIE WIELOOSOBOWYM: 
DWÓCH CZŁONKÓW ZARZĄDU ŁĄCZNIE LUB JEDEN CZŁONEK ZARZĄDU ŁĄCZNIE Z PROKURENTEM
W ZARZĄDZIE JEDNOOSOBOWYM: 
JEDEN CZŁONEK ZARZĄDU SAMODZIELNIE",NIE,NIE,,,,,,
MACO PRODUCTIONS POLONIA SP Z O O,MACO PRODUCTIONS POLONIA SPÓŁKA Z OGRANICZONĄ ODPOWIEDZIALNOŚCIĄ,Rejestr Przedsiębiorców,DOLNOŚLĄSKIE,112451,M. WROCŁAW,7792176987.0,M. WROCŁAW,63429814100000.0,WROCŁAW,SPÓŁKA Z OGRANICZONĄ ODPOWIEDZIALNOŚCIĄ,SZWAJCARSKA 22,2002-05-14,54-405, ,,,,,,,,,,KAŻDY Z CZŁONKÓW ZARZĄDU UPRAWNIONY JEST DO JEDNOOSOBOWEJ REPREZENTACJI,NIE,NIE,,,,,,
3M WROCŁAW SP Z O O,3M WROCŁAW SPÓŁKA Z OGRANICZONĄ ODPOWIEDZIALNOŚCIĄ,Rejestr Przedsiębiorców,DOLNOŚLĄSKIE,258909,M. WROCŁAW,8951858100.0,M. WROCŁAW,2030880500000.0,WROCŁAW,SPÓŁKA Z OGRANICZONĄ ODPOWIEDZIALNOŚCIĄ,KOWALSKA 143,2006-06-14,51-424, ,,,,,,,,,,JEŻELI ZARZĄD JEST WIELOOSOBOWY DO SKŁADANIA OŚWIADCZEŃ I PODPISYWANIA PISM W IMIENIU SPÓŁKI UPOWAŻNIONY JEST KAŻDY Z CZŁONKÓW ZARZĄDU SAMODZIELNIE.,NIE,NIE,,,,,,
VOSS AUTOMOTIVE POLSKA SP Z O O,"""VOSS AUTOMOTIVE POLSKA SPÓŁKA Z OGRANICZONĄ ODPOWIEDZIALNOŚCIĄ""",Rejestr Przedsiębiorców,DOLNOŚLĄSKIE,206826,LEGNICKI,8971694239.0,LEGNICKIE POLE,93299442400000.0,NOWA WIEŚ LEGNICKA,SPÓŁKA Z OGRANICZONĄ ODPOWIEDZIALNOŚCIĄ,101,2004-05-11,59-241, ,,,,,,,,,,"W PRZYPADKU ZARZĄDU JEDNOOSOBOWEGO - JEDYNY CZŁONEK ZARZĄDU SAMODZIELNIE, W PRZYPADKU ZARZĄDU WIELOOSOBOWEGO - DWÓCH CZŁONKÓW ZARZĄDU ALBO JEDEN CZŁONEK ZARZĄDU ŁĄCZNIE Z PROKURENTEM.",NIE,NIE,,,,,,
GOTEC POLSKA SP Z O O,"""GOTEC POLSKA"" SPÓŁKA Z OGRANICZONĄ ODPOWIEDZIALNOŚCIĄ",Rejestr Przedsiębiorców,DOLNOŚLĄSKIE,88641,ŚREDZKI,9131470455.0,ŚRODA ŚLĄSKA,93209113600000.0,KOMORNIKI,SPÓŁKA Z OGRANICZONĄ ODPOWIEDZIALNOŚCIĄ,POLNA 7,2002-02-05,55-300, ,,,,,,,,,,DO SKŁADANIA OŚWIADCZEŃ I PODPISYWANIA W IMIENIU SPÓŁKI UPRAWNIONY JEST KAŻDY Z CZŁONKÓW ZARZĄDU SAMODZIELNIE.,NIE,NIE,,,,,,
MCCAIN POLAND SP Z O O,"""MCCAIN POLAND"" SPÓŁKA Z OGRANICZONĄ ODPOWIEDZIALNOŚCIĄ",Rejestr Przedsiębiorców,DOLNOŚLĄSKIE,123561,STRZELIŃSKI,7790041993.0,STRZELIN,1032910000000.0,CHOCIWEL,SPÓŁKA Z OGRANICZONĄ ODPOWIEDZIALNOŚCIĄ,25,2002-07-18,57-100, ,,,,,,,,,,DO SKŁADANIA OŚWIADCZEŃ I PODPISYWANIA W IMIENIU SPÓŁKI UPOWAŻNIONY JEST KAŻDY CZŁONEK ZARZĄDU SAMODZIELNIE.,NIE,NIE,,,,,,
ZAKŁAD AUTOMATYKI PRZEMYSŁOWEJ INTEC SP Z O O,ZAKŁAD AUTOMATYKI PRZEMYSŁOWEJ INTEC SPÓŁKA Z OGRANICZONĄ ODPOWIEDZIALNOŚCIĄ,Rejestr Przedsiębiorców,DOLNOŚLĄSKIE,324450,WROCŁAWSKI,8990102145.0,DŁUGOŁĘKA,93010109500000.0,DŁUGOŁĘKA,SPÓŁKA Z OGRANICZONĄ ODPOWIEDZIALNOŚCIĄ,UL. WROCŁAWSKA 33D,2009-02-25,55-095, ,,,,,,,,,,"DO REPREZENTOWANIA SPÓŁKI I SKŁADANIA W JEJ IMIENIU OŚWIADCZEŃ WOLI , W PRZYPADKU ZARZĄDU JEDNOOSOBOWEGO, UPOWAŻNIONY JEST KAŻDY CZŁONEK ZARZĄDU DZIAŁAJĄCY SAMODZIELNIE.
DO REPREZENTOWANIA SPÓŁKI I SKŁADANIA W JEJ IMIENIU OŚWIADCZEŃ WOLI, W PRZYPADKU ZARZĄDU WIELOOSOBOWEGO, UPOWAŻNIONY JEST PREZES ZARZĄDU I WICEPREZES ZARZĄDU - SAMODZIELNIE, A POZOSTALI CZŁNKOWIE ZARZĄDU - ŁĄCZNIE Z INNYM CZŁONKIEM ZARZĄDU LUB PROKURENTEM SAMOISTNYM ALBO PROKURENTEM ŁĄCZNYM.",NIE,NIE,,,,,,
CAST ANDRUSZKO BUJAK BUJAK MODLIŃSKI SPÓŁKA JAWNA,"CAST - ANDRUSZKO,BUJAK,BUJAK,MODLIŃSKI SPÓŁKA JAWNA",Rejestr Przedsiębiorców,DOLNOŚLĄSKIE,97293,ŚWIDNICKI,8842294236.0,ŚWIEBODZICE,89106193900000.0,ŚWIEBODZICE,SPÓŁKA JAWNA,WODNA 18,2002-03-06,58-160, ,,2019-03-21,,,2019-04-04,,,,,,NIE,NIE,,,,,,
INSS POL SP Z O O,"""INSS - POL"" SPÓŁKA Z OGRANICZONĄ ODPOWIEDZIALNOŚCIĄ",Rejestr Przedsiębiorców,DOLNOŚLĄSKIE,49936,WROCŁAW,8991010853.0,WROCŁAW,93044919000000.0,WROCŁAW,SPÓŁKA Z OGRANICZONĄ ODPOWIEDZIALNOŚCIĄ,UL. MIĘDZYLESKA 6A,2001-10-03,50-514, ,,,,,,,,,,"DO SKŁADANIA OŚWIADCZEŃ WOLI I PODPISYWANIA W IMIENIU SPÓŁKI UPRAWNIONY JEST PREZES JEDNOOSOBOWO BEZ OGRANICZEŃ, ZAŚ WICEPREZES I CZŁONKOWIE ZARZĄDU WSPÓLNIE Z PREZESEM LUB INNYM CZŁONKIEM ZARZĄDU LUB PEŁNOMOCNIKIEM - PROKURENTEM.",NIE,NIE,,,,,,
NEWIND SP Z O O,NEWIND SPÓŁKA Z OGRANICZONĄ ODPOWIEDZIALNOŚCIĄ,Rejestr Przedsiębiorców,DOLNOŚLĄSKIE,267353,WROCŁAW,8992585314.0,WROCŁAW,2040647100000.0,WROCŁAW,SPÓŁKA Z OGRANICZONĄ ODPOWIEDZIALNOŚCIĄ,UL. DUŃSKA 11,2006-11-08,54-427, ,WWW.NEWIND.PL,2016-09-14,BIURO@NEWIND.PL,,2016-10-01,,,,,,NIE,NIE,,,,,,
PRZEDSIĘBIORSTWO BUDOWLANO HANDLOWE ARKOP KRZYSZTOF PIANOWSKI I S KA SPÓŁKA JAWNA,"""PRZEDSIĘBIORSTWO BUDOWLANO-HANDLOWE ARKOP KRZYSZTOF PIANOWSKI I S-KA SPÓŁKA JAWNA""",Rejestr Przedsiębiorców,DOLNOŚLĄSKIE,78333,M. WROCŁAW,8970016046.0,M. WROCŁAW,592569400000.0,WROCŁAW,SPÓŁKA JAWNA,JERZMANOWSKA 18,2002-01-07,54-530, ,,2019-07-03,,,2019-07-16,,,,,,NIE,NIE,,,,,,
ZEC SERVICE SP Z O O,ZEC SERVICE SPÓŁKA Z OGRANICZONĄ ODPOWIEDZIALNOŚCIĄ,Rejestr Przedsiębiorców,DOLNOŚLĄSKIE,3844,M. WROCŁAW,8980015410.0,M. WROCŁAW,93006682600000.0,WROCŁAW,SPÓŁKA Z OGRANICZONĄ ODPOWIEDZIALNOŚCIĄ,ŁOWIECKA 24,2001-03-28,50-220, ,,,,,,,,,,"DO SKŁADANIA OŚWIADCZEŃ ORAZ PODPISYWANIA W IMIENIU SPÓŁKI UPRAWNIENI SĄ : 
1. SAMODZIELNIE - PREZES ZARZĄDU LUB PROKURENT SAMOISTNY,
2. NA ZASADZIE REPREZENTACJI ŁĄCZNEJ DWUOSOBOWEJ - POZOSTALI CZŁONKOWIE ZARZĄDU ALBO JEDEN CZŁONEK ZARZĄDU ŁĄCZNIE Z PROKURENTEM LUB DWÓCH PROKURENTÓW.",NIE,NIE,,,,,,
PRZEDSIĘBIORSTWO USŁUGOWO PRODUKCYJNE I HANDLOWE COM D SP Z O O,"PRZEDSIĘBIORSTWO USŁUGOWO - PRODUKCYJNE I HANDLOWE ""COM - D"" SPÓŁKA Z OGRANICZONĄ ODPOWIEDZIALNOŚCIĄ",Rejestr Przedsiębiorców,DOLNOŚLĄSKIE,19263,JAWORSKI,6950001773.0,JAWOR,39004471300000.0,JAWOR,SPÓŁKA Z OGRANICZONĄ ODPOWIEDZIALNOŚCIĄ,PONIATOWSKIEGO 25,2001-06-13,59-400, ,,,,,,,,,,KAŻDY CZŁONEK ZARZĄDU UPOWAŻNIONY JEST DO REPREZENTOWANIA SPÓŁKI NA ZEWNĄTRZ.,NIE,NIE,,,,,,
PRZEDSIĘBIORSTWO WIELOBRANŻOWE AUTO TRUCK SP Z O O,PRZEDSIĘBIORSTWO WIELOBRANŻOWE AUTO - TRUCK SPÓŁKA Z OGRANICZONĄ ODPOWIEDZIALNOŚCIĄ,Rejestr Przedsiębiorców,ŁÓDZKIE,320166,ŁÓDŹ,8942964446.0,ŁÓDŹ,2087338500000.0,ŁÓDŹ,SPÓŁKA Z OGRANICZONĄ ODPOWIEDZIALNOŚCIĄ,UL. NOWE SADY 87 /3,2008-12-19,94-102, ,,,,,,,,,,DO SKŁADANIA OŚWIADCZEŃ WOLI W SPRAWACH MAJĄTKOWYCH I NIEMAJĄTKOWYCH W IMIENIU SPÓŁKI UPOWAŻNIONY JEST SAMODZIELNIE KAŻDY Z CZŁONKÓW ZARZĄDU.,NIE,NIE,,,,,,
PRO ASCOBLOC SP Z O O,"""PRO ASCOBLOC"" SPÓŁKA Z OGRANICZONĄ ODPOWIEDZIALNOŚCIĄ",Rejestr Przedsiębiorców,DOLNOŚLĄSKIE,88669,OLEŚNICKI,6191435610.0,SYCÓW,25065248200000.0,SYCÓW,SPÓŁKA Z OGRANICZONĄ ODPOWIEDZIALNOŚCIĄ,SZARYCH SZEREGÓW 22,2002-02-12,56-500, ,,,,,,,,,,"DO REPREZENTACJI SPÓŁKI, TO JEST DO SKŁADANIA OŚWIADCZEŃ ZAWIERANIA UMÓW UPOWAŻNIONY JEST KAŻDY CZŁONEK ZARZĄDU, A DO SKŁADANIA OŚWIADCZEŃ WOLI, ZAWIERANIA UMÓW W KWOCIE POWYŻEJ 200.000,00 (DWIEŚCIE TYSIĘCY) ZŁOTYCH, ORAZ UMÓW KUPNA - SPRZEDAŻY NIERUCHOMOŚCI KONIECZNE JEST ŁĄCZNE DZIAŁANIE DWÓCH CZŁONKÓW ZARZĄDU O ILE ZARZĄD JEST WIELOOSOBOWY LUB SAMODZIELNIE PREZES ZARZĄDU.",NIE,NIE,,,,,,
ABS BONIFER POLSKA SP Z O O,ABS BONIFER POLSKA SPÓŁKA Z OGRANICZONĄ ODPOWIEDZIALNOŚCIĄ,Rejestr Przedsiębiorców,OPOLSKIE,184162,BRZESKI,9121615981.0,BRZEG,93117464700000.0,BRZEG,SPÓŁKA Z OGRANICZONĄ ODPOWIEDZIALNOŚCIĄ,UL. ROBOTNICZA 16A,2003-12-18,49-300, ,,,,,,,,,,"W PRZYPADKU GDY ZARZĄD JEST JEDNOOSOBOWY CZŁONEK ZARZĄDU JEST UPRAWNIONY DO SAMODZIELNEJ REPREZENTACJI SPÓŁKI. W PRZYPADKU GDY ZARZĄD JEST WIELOOSOBOWY DO SKŁADANIA OŚWIADCZEŃ W IMIENIU SPÓŁKI WYMAGANE JEST:
A). DZIAŁANIE PREZESA ZARZĄDU-SAMODZIELNIE LUB
B). WSPÓŁDZIAŁANIE DWÓCH CZŁONKÓW ZARZĄDU ALBO JEDNEGO CZŁONKA ZARZĄDU ŁĄCZNIE Z PROKURENTEM",NIE,NIE,,,,,,
ENDRESS + HAUSER POLSKA SP Z O O,"""ENDRESS + HAUSER POLSKA"" SPÓŁKA Z OGRANICZONĄ ODPOWIEDZIALNOŚCIĄ",Rejestr Przedsiębiorców,DOLNOŚLĄSKIE,118795,M. WROCŁAW,5211021786.0,M. WROCŁAW,1121392500000.0,WROCŁAW,SPÓŁKA Z OGRANICZONĄ ODPOWIEDZIALNOŚCIĄ,WOŁOWSKA 11,2002-06-24,51-116, ,,,,,,,,,,KAŻDY Z CZŁONKÓW ZARZĄDU SAMODZIELNIE,NIE,NIE,,,,,,
VOESTALPINE ROTEC SP Z O O,"""VOESTALPINE ROTEC"" SPÓŁKA Z OGRANICZONĄ ODPOWIEDZIALNOŚCIĄ",Rejestr Przedsiębiorców,DOLNOŚLĄSKIE,15131,ŚREDZKI,9131476541.0,ŚRODA ŚLĄSKA,93212615900000.0,KOMORNIKI,SPÓŁKA Z OGRANICZONĄ ODPOWIEDZIALNOŚCIĄ,POLNA 7,2001-06-08,55-300, ,,,,,,,,,,"DO SKŁADANIA OŚWIADCZEŃ W ZAKRESIE PRAW I OBOWIĄZKÓW MAJĄTKOWYCH SPÓŁKI ORAZ DO PODPISYWANIA W IMIENIU SPÓŁKI UPRAWNIONY JEST KAŻDY CZŁONEK ZARZĄDU SAMODZIELNIE.
PROKURENT UPRAWNIONY JEST DO SAMODZIELNEJ REPREZENTACJI SPÓŁKI.",NIE,NIE,,,,,,
INTEGART SP Z O O,INTEGART SPÓŁKA Z OGRANICZONĄ ODPOWIEDZIALNOŚCIĄ,Rejestr Przedsiębiorców,DOLNOŚLĄSKIE,493655,ŚREDZKI,9131616456.0,MIĘKINIA,2232589000000.0,BŁONIE,SPÓŁKA Z OGRANICZONĄ ODPOWIEDZIALNOŚCIĄ,MASZYNOWA 1,2014-01-09,55-330, ,,,,,,,,,,"JEŻELI ZARZĄD SPÓŁKI JEST WIELOOSOBOWY, DO SKŁADANIA OŚWIADCZEŃ I PODPISYWANIA PISM W IMIENIU SPÓŁKI UPRAWNIONY JEST PREZES ZARZĄDU SAMODZIELNIE, CZŁONEK ZARZĄDU ŁĄCZNIE Z PROKURENTEM LUB DWÓCH PROKURENTÓW ŁĄCZNIE.",NIE,NIE,,,,,,
T & P POLSKA SP Z O O,ZWIĄZEK ZAWODOWY PRACOWNIKÓW T & P POLSKA SP. Z O. O.,Rejestr Stowarzyszeń,DOLNOŚLĄSKIE,306824,ŚWIDNICKI,,ŻARÓW,,ŻARÓW,ZWIĄZEK ZAWODOWY,PRZEMYSŁOWA 11,,58-130,2008-05-28 ,,,,,,,,,,"DO SKŁADANIA OŚWIADCZEŃ WOLI W SPRAWACH MAJĄTKOWYCH I NIEMAJĄTKOWYCH UPOWAŻNIENI SĄ PRZEWODNICZĄCY ZARZĄDU GŁÓWNEGO I SKARBNIK ZARZĄDU GŁÓWNEGO DZIAŁAJĄCY ŁĄCZNIE.
W SPRAWACH PRZEKRACZAJĄCYCH ZWYKŁY ZAKRES ZARZĄDZANIA MAJĄTKIEM ZWIĄZKU, A ZWŁASZCZA W SPRAWACH NABYWANIA, ZBYWANIA I PRZEKAZYWANIA TRWAŁYCH ŚRODKÓW MAJĄTKOWYCH ZWIĄZKU, WYMAGANA JEST UCHWAŁA WALNEGO ZEBRANIA LUB NADZWYCZAJNEGO WALNEGO ZEBRANIA DELEGATÓW.",NIE,NIE,,,,,,
VIESSMANN TECHNIKA GRZEWCZA SP Z O O,VIESSMANN TECHNIKA GRZEWCZA SPÓŁKA Z OGRANICZONĄ ODPOWIEDZIALNOŚCIĄ,Rejestr Przedsiębiorców,DOLNOŚLĄSKIE,131760,M. LEGNICA,6912043634.0,M. LEGNICA,39068711500000.0,LEGNICA,SPÓŁKA Z OGRANICZONĄ ODPOWIEDZIALNOŚCIĄ,JAWORZYŃSKA -LEGNICKA SPECJALNA STREFA EKONOMICZNA 289,2002-11-15,59-220, ,,,,,,,,,,"JEŻELI ZARZĄD JEST JEDNOOSOBOWY, CZŁONEK ZARZĄDU UPRAWNIONY JEST DO SAMODZIELNEJ REPREZENTACJI SPÓŁKI. JEŻELI ZARZĄD JEST WIELOOSOBOWY DO SKŁADANIA OŚWIADCZEŃ W IMIENIU SPÓŁKI WYMAGANE JEST WSPÓŁDZIAŁANIE DWÓCH CZŁONKÓW ZARZĄDU ALBO JEDNEGO CZŁONKA ZARZĄDU ŁĄCZNIE Z PROKURENTEM.",NIE,NIE,,,,,,
DOLNOŚLĄSKA GRUPA APTECZNA S A,"""DOLNOŚLĄSKA GRUPA APTECZNA"" SPÓŁKA AKCYJNA",Rejestr Przedsiębiorców,ŚLĄSKIE,402636,BIERUŃSKO-LĘDZIŃSKI,8992424491.0,BIERUŃ,93269205400000.0,BIERUŃ,SPÓŁKA AKCYJNA,UL. CHEMIKÓW 3,2011-11-24,43-150, ,HTTP://DGASA.PL,,,,,,,,,W PRZYPADKU ZARZĄDU WIELOOSOBOWEGO DO SKŁADANIA OŚWIADCZEŃ W IMIENIU SPÓŁKI WYMAGANE JEST DZIAŁANIE DWÓCH CZŁONKÓW ZARZĄDU ŁĄCZNIE ALBO CZŁONKA ZARZĄDU ŁĄCZNIE Z PROKURENTEM. W PRZYPADKU ZARZĄDU JEDNOOSOBOWEGO SPÓŁKĘ REPREZENTUJE JEDYNY CZŁONEK ZARZĄDU SAMODZIELNIE.,NIE,NIE,,,,,,
KRAJOWY REJESTR DŁUGÓW BIURO INFORMACJI GOSPODARCZEJ S A,"""KRAJOWY REJESTR DŁUGÓW BIURO INFORMACJI GOSPODARCZEJ"" SPÓŁKA AKCYJNA",Rejestr Przedsiębiorców,DOLNOŚLĄSKIE,169851,WROCŁAW,8951794707.0,WROCŁAW,93291331900000.0,WROCŁAW,SPÓŁKA AKCYJNA,UL. DANUTY SIEDZIKÓWNY 12,2003-08-07,51-214, ,KRD.PL,,,,,,,,,"DO SKŁADANIA OŚWIADCZEŃ W IMIENIU SPÓŁKI W ZAKRESIE ROZPORZĄDZENIA PRAWEM LUB ZACIĄGNIĘCIA ZOBOWIĄZANIA UPRAWNIENI SĄ: PREZES ZARZĄDU - SAMODZIELNIE, CZŁONKOWIE ZARZĄDU DO KWOTY NIE PRZEKRACZAJĄCEJ 20.000,00 (DWADZIEŚCIA TYSIĘCY) ZŁOTYCH KAŻDY CZŁONEK ZARZĄDU SAMODZIELNIE. POWYŻEJ TEJ KWOTY WYMAGANA JEST REPREZENTACJA ŁĄCZNA DWÓCH CZŁONKÓW ZARZĄDU.",NIE,NIE,,,,,,
ZAKŁADY CHEMICZNE ZŁOTNIKI S A,"ZAKŁADY CHEMICZNE ""ZŁOTNIKI"" SPÓŁKA AKCYJNA",Rejestr Przedsiębiorców,DOLNOŚLĄSKIE,36051,M. WROCŁAW,8940027275.0,M. WROCŁAW,93111621300000.0,WROCŁAW,SPÓŁKA AKCYJNA,ŻWIROWA 73,2001-09-20,54-029, ,WWW.ZLOTNIKI.COM.PL,,,,,,,,,DO SKŁADANIA OŚWIADCZEŃ I PODPISYWANIA W IMIENIU SPÓŁKI UPRAWNIONY JEST PREZES ZARZĄDU SAMODZIELNIE ALBO DWÓCH CZŁONKÓW ZARZĄDU ŁĄCZNIE ALBO TEŻ JEDEN CZŁONEK ZARZĄDU ŁĄCZNIE Z PROKURENTEM.,NIE,NIE,,,,,,
INDUSTRIE MAURIZIO PERUZZO COMFORT SP Z O O,INDUSTRIE MAURIZIO PERUZZO COMFORT SPÓŁKA Z OGRANICZONĄ ODPOWIEDZIALNOŚCIĄ,Rejestr Przedsiębiorców,DOLNOŚLĄSKIE,88124,ŚWIDNICKI,5470048685.0,ŚWIDNICA,7001107000000.0,ŚWIDNICA,SPÓŁKA Z OGRANICZONĄ ODPOWIEDZIALNOŚCIĄ,INŻYNIERSKA 15-17,2002-02-05,58-100, ,WWW.COMFORT.PL,,SWIDNICA@COMFORT.PL,,,,,,,"W PRZYPADKU ZARZĄDU JEDNOOSOBOWEGO DO SKŁADANIA OŚWIADCZEŃ WOLI ORAZ PODPISYWANIA W IMIENIU SPÓŁKI UPOWAŻNIONY JEST PREZES ZARZĄDU - JEDNOOSOBOWO, W PRZYPADKU ZARZĄDU WIELOOSOBOWEGO DO SKŁADANIA OŚWIADCZEŃ WOLI ORAZ PODPISYWANIA W IMIENIU SPÓŁKI UPOWAŻNIONY JEST PREZES ZARZĄDU BADŹ KAŻDY Z WICEPREZESÓW - JEDNOOSOBOWO.",NIE,NIE,,,,,,
WAGO ELWAG SP Z O O,WAGO ELWAG SPÓŁKA Z OGRANICZONĄ ODPOWIEDZIALNOŚCIĄ,Rejestr Przedsiębiorców,DOLNOŚLĄSKIE,69966,M. WROCŁAW,8961025689.0,M. WROCŁAW,93096904300000.0,WROCŁAW,SPÓŁKA Z OGRANICZONĄ ODPOWIEDZIALNOŚCIĄ,PIĘKNA 58A,2001-12-07,50-506, ,,,,,,,,,,W PRZYPADKU KIEDY ZARZĄD JEST WIELOOSOBOWY DO SKŁADANIA OŚWIADCZEŃ W IMIENIU SPÓŁKI WYMAGANE JEST WSPÓŁDZIAŁANIE DWÓCH CZŁONKÓW ZARZĄDU ALBO JEDNEGO CZŁONKA ZARZĄDU ŁĄCZNIE Z PROKURENTEM,NIE,NIE,,,,,,
GLOBAL COSMED GROUP S A,GLOBAL COSMED GROUP SPÓŁKA AKCYJNA,Rejestr Przedsiębiorców,DOLNOŚLĄSKIE,41414,JAWORSKI,6950002732.0,JAWOR,39033966700000.0,JAWOR,SPÓŁKA AKCYJNA,KUZIENNICZA 15,2001-10-11,59-400, ,WWW.GLOBALCOSMED.EU,,BOARD.OFFICE@GLOBALCOSMED.EU,,,,,,,DO SKŁADANIA OŚWADCZEŃ WOLI W IMIENIU SPÓŁKI WYMAGANE JEST WSPÓŁDZIAŁANIE DWÓCH CZŁONKÓW ZARZĄDU BĄDŹ CZŁONKA ZARZĄDU WRAZ Z PROKURENTEM.,NIE,NIE,,,,,,
TELFORCEONE S A,TELFORCEONE SPÓŁKA AKCYJNA,Rejestr Przedsiębiorców,DOLNOŚLĄSKIE,232137,M. WROCŁAW,8981967851.0,M. WROCŁAW,93267437500000.0,WROCŁAW,SPÓŁKA AKCYJNA,KRAKOWSKA 119,2005-04-12,50-428, ,WWW.TELFORCEONE.PL,,INFO@TELFORCEONE.COM,,,,,,,"A. GDY ZARZĄD JEST JEDNOOSOBOWY - PREZES ZARZĄDU SAMODZIELNIE,
B. GDY ZARZĄD JEST WIELOOSOBOWY - KAŻDY CZŁONEK ZARZĄDU SAMODZIELNIE",NIE,NIE,,,,,,
ZEHNDER GROUP BOLESŁAWIEC SP Z O O,"""ZEHNDER GROUP BOLESŁAWIEC""-SPÓŁKA Z OGRANICZONĄ ODPOWIEDZIALNOŚCIĄ",Rejestr Przedsiębiorców,DOLNOŚLĄSKIE,75844,BOLESŁAWIECKI,6121437650.0,BOLESŁAWIEC,23039614900000.0,BOLESŁAWIEC,SPÓŁKA Z OGRANICZONĄ ODPOWIEDZIALNOŚCIĄ,MODŁOWA 5,2002-01-07,59-700, ,,,,,,,,,,"JEŻELI ZARZĄD JEST JEDNOOSOBOWY, OSOBA TA PROWADZI INTERESY I REPREZENTUJE SPÓŁKĘ NA ZEWNĄTRZ. JEŻELI ZARZĄD JEST WIELOOSOBOWY, TO SPÓŁKA BĘDZIE REPREZENTOWANA NA ZEWNĄTRZ PRZEZ DWÓCH WSPÓŁDZIAŁAJĄCYCH CZŁONKÓW ZARZĄDU, PRZEZ JEDNEGO CZŁONKA ZARZĄDU WRAZ Z JEDNYM PROKURENTEM LUB PRZEZ DWÓCH WSPÓŁDZIAŁAJĄCYCH PROKURENTÓW.",NIE,NIE,,,,,,
PCE POLSKA SP Z O O,"""PCE POLSKA"" - SPÓŁKA Z OGRANICZONĄ ODPOWIEDZIALNOŚCIĄ",Rejestr Przedsiębiorców,DOLNOŚLĄSKIE,135016,DZIERŻONIOWSKI,8821000347.0,DZIERŻONIÓW,89025175000000.0,DZIERŻONIÓW,SPÓŁKA Z OGRANICZONĄ ODPOWIEDZIALNOŚCIĄ,UL. PODWALNA 8A,2002-10-14,58-200, ,,,,,,,,,,"DO SKŁADANIA OŚWIADCZEŃ WOLI I PODPISYWANIA W IMIENIU SPÓŁKI UPOWAŻNIENI SĄ: 
1)W PRZYPADKU ZARZĄDU JEDNOOSOBOWEGO - CZŁONEK ZARZĄDU DZIAŁAJĄCY SAMODZIELNIE
2)W PRZYPADKU ZARZĄDU SKŁADAJĄCEGO SIĘ Z WIĘKSZEJ LICZBY CZŁONKÓW - CZŁONEK ZARZĄDU DZIAŁAJĄCY ŁĄCZNIE Z DRUGIM CZŁONKIEM ZARZĄDU LUB ŁĄCZNIE Z PROKURENTEM.",NIE,NIE,,,,,,
DELAVAL SP Z O O,DELAVAL SPÓŁKA Z OGRANICZONĄ ODPOWIEDZIALNOŚCIĄ,Rejestr Przedsiębiorców,DOLNOŚLĄSKIE,35899,M. WROCŁAW,8971539697.0,M. WROCŁAW,93112403000000.0,WROCŁAW,SPÓŁKA Z OGRANICZONĄ ODPOWIEDZIALNOŚCIĄ,ROBOTNICZA 72,2001-08-16,53-608, ,,,,,,,,,,DO SKŁADANIA OŚWIADCZEŃ WOLI I PODPISYWANIA W IMIENIU SPÓŁKI WYMAGANE JEST WSPÓŁDZIAŁANIE DWÓCH CZŁONKÓW ZARZĄDU ALBO JEDNEGO CZŁONKA ZARZĄDU ŁĄCZNIE Z PROKURENTEM.,NIE,NIE,,,,,,
SAATBAU POLSKA SP Z O O,SAATBAU POLSKA SPÓŁKA Z OGRANICZONĄ ODPOWIEDZIALNOŚCIĄ,Rejestr Przedsiębiorców,DOLNOŚLĄSKIE,53570,ŚREDZKI,9130003792.0,ŚRODA ŚLĄSKA,93070396000000.0,ŚRODA ŚLĄSKA,SPÓŁKA Z OGRANICZONĄ ODPOWIEDZIALNOŚCIĄ,ŻYTNIA 1,2001-10-19,55-300, ,,,,,,,,,,"REPREZENTACJA JEDNOOSOBOWA, A W PRZYPADKU ZARZĄDU WIELOOSOBOWEGO REPREZENTACJA ŁĄCZNA DWÓCH CZŁONKÓW ZARZĄDU LUB CZŁONKA ZARZĄDU Z PROKURENTEM. PROKURENT REPREZENTUJE SPÓŁKĘ SAMODZIELNIE.",NIE,NIE,,,,,,
KOTAR SPÓŁKA JAWNA B & S JAWORSCY,"""KOTAR SPÓŁKA JAWNA, B.& S. JAWORSCY""",Rejestr Przedsiębiorców,DOLNOŚLĄSKIE,6322,WOŁOWSKI,9170002793.0,WOŁÓW,93161513000000.0,WOŁÓW,SPÓŁKA JAWNA,KOŚCIUSZKI 33,2001-04-06,56-100, ,,2018-02-19,,,2018-03-07,,,,,,NIE,NIE,,,,,,
ATLAS WARD POLSKA SP Z O O,"""ATLAS WARD POLSKA"" SPÓŁKA Z OGRANICZONĄ ODPOWIEDZIALNOŚCIĄ",Rejestr Przedsiębiorców,DOLNOŚLĄSKIE,102206,WROCŁAW,8942553370.0,WROCŁAW,93207101000000.0,WROCŁAW,SPÓŁKA Z OGRANICZONĄ ODPOWIEDZIALNOŚCIĄ,UL. ZWYCIĘSKA 41,2002-03-22,53-033, ,,,,,,,,,,"DO SKŁADANIA OŚWIADCZEŃ WOLI W IMIENIU SPÓŁKI ORAZ DO JEJ REPREZENTOWANIA UPRAWNIENI SĄ:
1)	W PRZYPADKU ZARZĄDU JEDNOOSOBOWEGO - PREZES ZARZĄDU DZIAŁAJĄCY SAMODZIELNIE,
2)	W PRZYPADKU ZARZĄDU SKŁADAJĄCEGO SIĘ Z DWÓCH LUB WIĘKSZEJ ILOŚCI OSÓB -  DWÓCH CZŁONKÓW ZARZĄDU DZIAŁAJĄCYCH ŁĄCZNIE LUB JEDEN CZŁONEK ZARZĄDU DZIAŁAJĄCY ŁĄCZNIE Z PROKURENTEM, PRZY CZYM:
A)	PREZES, WICEPREZES ORAZ KAŻDY Z CZŁONKÓW ZARZĄDU A UPRAWNIONY JEST DO REPREZENTACJI SPÓŁKI Z KTÓRYMKOLWIEK INNYM CZŁONKIEM ZARZĄDU SPÓŁKI;
B)	KAŻDY Z CZŁONKÓW ZARZĄDU B JEST UPRAWNIONY DO REPREZENTOWANIA SPÓŁKI WYŁĄCZNIE WSPÓLNIE Z PREZESEM ZARZĄDU ALBO WICEPREZESEM ZARZĄDU ALBO Z KTÓRYMKOLWIEK Z CZŁONKÓW ZARZĄDU A.",NIE,NIE,,,,,,
TRISTONE FLOWTECH POLAND SP Z O O,TRISTONE FLOWTECH POLAND SPÓŁKA Z OGRANICZONĄ ODPOWIEDZIALNOŚCIĄ,Rejestr Przedsiębiorców,DOLNOŚLĄSKIE,51273,WAŁBRZYSKI,8821723560.0,M. WAŁBRZYCH,89062179600000.0,WAŁBRZYCH,SPÓŁKA Z OGRANICZONĄ ODPOWIEDZIALNOŚCIĄ,STACYJNA 19,2001-10-10,58-306, ,,,,,,,,,,W PRZYPADKU POWOŁANIA ZARZĄDU WIELOOSOBOWEGO DO REPREZENTOWANIA SPÓŁKI UPRAWNIONYCH JEST DWÓCH CZŁONKÓW ZARZĄDU ŁĄCZNIE LUB JEDEN CZŁONEK ZARZĄDU ŁĄCZNIE Z PROKURENTEM.,NIE,NIE,,,,,,
SPARTANK SP Z O O,SPARTANK SPÓŁKA Z OGRANICZONĄ ODPOWIEDZIALNOŚCIĄ,Rejestr Przedsiębiorców,DOLNOŚLĄSKIE,266165,WROCŁAW,6922421813.0,WROCŁAW,2040771400000.0,WROCŁAW,SPÓŁKA Z OGRANICZONĄ ODPOWIEDZIALNOŚCIĄ,UL. LEKARSKA 4-6,2006-10-18,51-134, ,,,,,,,,,,"W PRZYPADKU, GDY ZARZĄD SKŁADA SIĘ Z WIĘCEJ NIŻ JEDNEGO CZŁONKA, SPÓŁKA JEST REPREZENTOWANA PRZEZ KAŻDEGO Z CZŁONKÓW ZARZĄDU SAMODZIELNIE.",NIE,NIE,,,,,,
CONTROL NET SP Z O O,CONTROL NET SPÓŁKA Z OGRANICZONĄ ODPOWIEDZIALNOŚCIĄ,Rejestr Przedsiębiorców,DOLNOŚLĄSKIE,348313,WROCŁAW,8942992000.0,WROCŁAW,2118079600000.0,WROCŁAW,SPÓŁKA Z OGRANICZONĄ ODPOWIEDZIALNOŚCIĄ,UL. WILKSZYŃSKA 60,2010-02-05,54-079, ,,,,,,,,,,DO SKŁADANIA OŚWIADCZEŃ W IMIENIU SPÓŁKI UPOWAŻNIONY JEST KAŻDY Z CZŁONKÓW ZARZĄDU JEDNOOSOBOWO.,NIE,NIE,,,,,,
J CHODACKI A MISZTAL MEDICA SPÓŁKA JAWNA,"J.CHODACKI, A.MISZTAL, ""MEDICA"" SPÓŁKA JAWNA",Rejestr Przedsiębiorców,DOLNOŚLĄSKIE,84363,LUBIŃSKI,6921008620.0,LUBIN,39036703700000.0,LUBIN,SPÓŁKA JAWNA,PRZEMYSŁOWA 4 A,2002-01-24,59-300, ,,,,,,,,,,PRAWO REPREZENTOWANIA SPÓŁKI NA ZEWNĄTRZ MA KAŻDY WSPÓLNIK PRZY CZYM UMOWY I INNE OŚWIADCZENIA WOLI O SKUTKACH FINANSOWYCH PRZEKRACZAJĄCYCH 30.000 ZŁ PODPISUJĄ DWAJ WSPÓLNICY ŁĄCZNIE.,NIE,NIE,,,,,,
CENTRUM BADAWCZO ROZWOJOWE NOVASOME SP Z O O,"CENTRUM BADAWCZO-ROZWOJOWE ""NOVASOME"" SPÓŁKA Z OGRANICZONĄ ODPOWIEDZIALNOŚCIĄ",Rejestr Przedsiębiorców,DOLNOŚLĄSKIE,225784,M. WROCŁAW,8982061354.0,M. WROCŁAW,93304293800000.0,WROCŁAW,SPÓŁKA Z OGRANICZONĄ ODPOWIEDZIALNOŚCIĄ,OLSZTYŃSKA 5,2005-01-14,51-423, ,,,,,,,,,,"DO SKŁADANIA OŚWIADCZEŃ WOLI I PODPISYWANIA W IMIENIU SPÓŁKI UPOWAŻNIENI SĄ: 
A) W PRZYPADKU ZARZĄDU JEDNOOSOBOWEGO - PREZES ZARZĄDU SAMODZIELNIE;
B) W PRZYPADKU ZARZĄDU DWU- ALBO TRZYOSOBOWEGO - PREZES ZARZĄDU SAMODZIELNIE, DWAJ CZŁONKOWIE ZARZĄDU ŁĄCZNIE, BĄDŹ CZŁONEK ZARZĄDU WRAZ Z PROKURENTEM.",NIE,NIE,,,,,,
AXIT SP Z O O,"""AXIT"" SPÓŁKA Z OGRANICZONĄ ODPOWIEDZIALNOŚCIĄ W LIKWIDACJI",Rejestr Przedsiębiorców,POMORSKIE,196287,M. GDYNIA,,M. GDYNIA,19120513600000.0,GDYNIA,SPÓŁKA Z OGRANICZONĄ ODPOWIEDZIALNOŚCIĄ,ENERGETYKÓW 5,2004-02-23,81-184, ,,2005-01-06,,,2005-01-25,,,,,,NIE,NIE,,,,,,
AMERICAN TRADING COMPANY SP Z O O,AMERICAN TRADING COMPANY SPÓŁKA Z OGRANICZONĄ ODPOWIEDZIALNOŚCIĄ,Rejestr Przedsiębiorców,DOLNOŚLĄSKIE,187808,M. WROCŁAW,8970009230.0,M. WROCŁAW,93052817800000.0,WROCŁAW,SPÓŁKA Z OGRANICZONĄ ODPOWIEDZIALNOŚCIĄ,ŚWIDNICKA 53,2004-01-14,50-030, ,,,,,,,,,,DO SKŁADANIA OŚWIADCZEŃ W IMIENIU SPÓŁKI UPRAWNIONY JEST KAŻDY CZŁONEK ZARZĄDU SAMODZIELNIE.,NIE,NIE,,,,,,
TEVEMA AUTOMOTIVE SP Z O O,TEVEMA AUTOMOTIVE SPÓŁKA Z OGRANICZONĄ ODPOWIEDZIALNOŚCIĄ,Rejestr Przedsiębiorców,DOLNOŚLĄSKIE,161120,KŁODZKI,8831718922.0,KUDOWA-ZDRÓJ,89144593000000.0,KUDOWA ZDRÓJ,SPÓŁKA Z OGRANICZONĄ ODPOWIEDZIALNOŚCIĄ,FABRYCZNA 12,2003-05-10,57-350, ,,,,,,,,,,KAŻDY Z CZŁONKÓW ZARZĄDU REPREZENTUJE SPÓŁKĘ WE WSZYSTKICH SPRAWACH SAMODZIELNIE.,NIE,NIE,,,,,,
DST TRANSPORT & LOGISTICS SP Z O O,DST TRANSPORT & LOGISTICS SPÓŁKA Z OGRANICZONĄ ODPOWIEDZIALNOŚCIĄ,Rejestr Przedsiębiorców,DOLNOŚLĄSKIE,315847,WROCŁAWSKI,8961466637.0,MIETKÓW,2079896200000.0,MIETKÓW,SPÓŁKA Z OGRANICZONĄ ODPOWIEDZIALNOŚCIĄ,OGRODOWA 34,2008-10-20,55-081, ,,,,,,,,,,"JEŻELI ZARZĄD SKŁADA SIĘ Z KILKU CZŁONKÓW, TO DO SKŁADANIA OŚWIADCZEŃ W IMIENIU SPÓŁKI UPRAWNIONY JEST PREZES ZARZĄDU SAMODZIELNIE. KAŻDY ZAŚ Z POZOSTAŁYCH CZŁONKÓW ZARZĄDU UPRAWNIONY JEST DO REPREZENTACJI SPÓŁKI ŁĄCZNIE Z PREZESEM ZARZĄDU LUB PROKURENTEM.",NIE,NIE,,,,,,
EKO CYKL ORGANIZACJA ODZYSKU OPAKOWAŃ S A,EKO CYKL ORGANIZACJA ODZYSKU OPAKOWAŃ SPÓŁKA AKCYJNA,Rejestr Przedsiębiorców,DOLNOŚLĄSKIE,135250,M. WROCŁAW,8951779211.0,M. WROCŁAW,93283261500000.0,WROCŁAW,SPÓŁKA AKCYJNA,KRZYWOUSTEGO 82-86,2002-10-16,51-166, ,WWW.EKOCYKL.ORG,,,,,,,,,"PREZES ZARZĄDU SAMODZIELNIE
PROKURENT SAMODZIELNIE",NIE,NIE,,,,,,
OERLIKON BALZERS COATING POLAND SP Z O O,OERLIKON BALZERS COATING POLAND SPÓŁKA Z OGRANICZONĄ ODPOWIEDZIALNOŚCIĄ,Rejestr Przedsiębiorców,DOLNOŚLĄSKIE,126023,POLKOWICKI,6922320673.0,POLKOWICE,39099576200000.0,POLKOWICE,SPÓŁKA Z OGRANICZONĄ ODPOWIEDZIALNOŚCIĄ,UL. FABRYCZNA 4,2002-08-08,59-101, ,,,,,,,,,,DWÓCH CZŁONKÓW ZARZĄDU DZIAŁAJĄCYCH WSPÓLNIE LUB JEDEN CZŁONEK ZARZĄDU I JEDEN PROKURENT DZIAŁAJĄCY WSPÓLNIE LUB DWÓCH PROKURENTÓW DZIAŁAJĄCYCH WSPÓLNIE,NIE,NIE,,,,,,
WOJ KAT SP Z O O,"""WOJ-KAT"" SPÓŁKA Z OGRANICZONĄ ODPOWIEDZIALNOŚCIĄ",Rejestr Przedsiębiorców,DOLNOŚLĄSKIE,235042,M. JELENIA GÓRA,8942580378.0,M. JELENIA GÓRA,93212069400000.0,JELENIA GÓRA,SPÓŁKA Z OGRANICZONĄ ODPOWIEDZIALNOŚCIĄ,POZNAŃSKA 20,2005-05-30,58-500, ,,,,,,,,,,"JEŻELI ZARZĄD SKŁADA SIĘ Z JEDNEJ LUB DWÓCH OSÓB - DO SKŁADANIA OŚWIADCZEŃ ORAZ PODPISYWANIA W IMIENIU SPÓŁKI UPRAWNIONY JEST KAŻDY Z CZŁONKÓW ZARZĄDU SAMODZIELNIE (JEDNOOSOBOWO).
JEŻELI ZARZĄD SKŁADA SIĘ Z TRZECH LUB WIĘCEJ OSÓB - DO SKŁADANIA OŚWIADCZEŃ ORAZ PODPISYWANIA W IMIENIU SPÓŁKI UPRAWNIONY JEST PREZES ZARZĄDU SAMODZIELNIE (JEDNOOSOBOWO) LUB DWAJ INNI CZŁONKOWIE ZARZĄDU DZIAŁAJĄCY ŁĄCZNIE, LUB JEDEN CZŁONEK ZARZĄDU DZIAŁAJĄCY ŁĄCZNIE Z PROKURENTEM.",NIE,NIE,,,,,,
SELENA LABS SP Z O O,"""SELENA LABS"" SPÓŁKA Z OGRANICZONĄ ODPOWIEDZIALNOŚCIĄ",Rejestr Przedsiębiorców,DOLNOŚLĄSKIE,119851,DZIERŻONIOWSKI,7540335162.0,DZIERŻONIÓW,451603100000.0,DZIERŻONIÓW,SPÓŁKA Z OGRANICZONĄ ODPOWIEDZIALNOŚCIĄ,UL. PIESZYCKA 1,2002-06-24,58-200, ,,2022-08-02,,,,,,,,,NIE,NIE,,,,,,
KANCELARIA ADWOKATÓW I RADCÓW PRAWNYCH A ŁEBEK I WSPÓLNICY SPÓŁKA KOMANDYTOWA,"""KANCELARIA ADWOKATÓW I RADCÓW PRAWNYCH A.ŁEBEK I WSPÓLNICY"" SPÓŁKA KOMANDYTOWA",Rejestr Przedsiębiorców,DOLNOŚLĄSKIE,262469,M. WROCŁAW,8992579696.0,M. WROCŁAW,2035617000000.0,WROCŁAW,SPÓŁKA KOMANDYTOWA,WYŚCIGOWA 56 I,2006-08-24,53-012, ,,,,,,,,,,DO REPREZENTOWANIA SPÓŁKI UPOWAŻNIONY JEST KAŻDY Z KOMPLEMENTARIUSZY SAMODZIELNIE.,NIE,NIE,,,,,,
HYDRAULIK SERVICES SP Z O O,"""HYDRAULIK SERVICES"" SPÓŁKA Z OGRANICZONĄ ODPOWIEDZIALNOŚCIĄ",Rejestr Przedsiębiorców,DOLNOŚLĄSKIE,221657,WROCŁAW,8942814043.0,WROCŁAW,93303804900000.0,WROCŁAW,SPÓŁKA Z OGRANICZONĄ ODPOWIEDZIALNOŚCIĄ,UL. STRZEGOMSKA 55D,2004-11-16,53-611, ,,,,,,,,,,DO SKŁADANIA OŚWIADCZEŃ WOLI I PODPISYWANIA DOKUMENTÓW W IMIENIU I NA RZECZ SPÓŁKI UPOWAŻNIONY JESTS PREZES ZARZĄDU ORAZ WICEPREZES ZARZĄDU SAMODZIELNIE ORAZ CZŁONEK ZARZĄDU ŁĄCZNIE Z PREZESEM ZARZĄDU LUB Z WICEPREZESEM ZARZĄDU LUB Z PROKURENTEM.,NIE,NIE,,,,,,
LAKFAM JERZY ZAKRZEWSKI ARTUR ZAKRZEWSKI SPÓŁKA JAWNA,"LAKFAM JERZY ZAKRZEWSKI, ARTUR ZAKRZEWSKI, SPÓŁKA JAWNA",Rejestr Przedsiębiorców,DOLNOŚLĄSKIE,41039,KARKONOSKI,6110002776.0,KOWARY,23003625000000.0,KOWARY,SPÓŁKA JAWNA,GŁÓWNA 1,2001-09-05,58-530, ,,,,,,,,,,UPRAWNIONYMI DO REPREZENTACJI SPÓŁKI SĄ WSPÓLNICY: JERZY ZAKRZEWSKI I ARTUR ZAKRZEWSKI SAMODZIELNIE,NIE,NIE,,,,,,
PRIME PROJECT SP Z O O,"""PRIME PROJECT"" SPÓŁKA Z OGRANICZONĄ ODPOWIEDZIALNOŚCIĄ",Rejestr Przedsiębiorców,DOLNOŚLĄSKIE,288119,M. WROCŁAW,8971732460.0,M. WROCŁAW,2058300300000.0,WROCŁAW,SPÓŁKA Z OGRANICZONĄ ODPOWIEDZIALNOŚCIĄ,KIEŁBAŚNICZA 28,2007-09-07,50-109, ,,,,,,,,,,"1. GDY ZARZĄD JEST JEDNOOSOBOWY - SAMODZIELNIE PREZES ZARZĄDU;
2. JEŚLI ZARZĄD SKŁADA SIĘ Z WIĘCEJ NIŻ JEDNEJ OSOBY, DO SKŁADANIA OŚWIADCZEŃ W IMIENIU SPÓŁKI WYMAGANE JEST WSPÓŁDZIAŁANIE CO NAJMNIEJ DWÓCH CZŁONKÓW ZARZĄDU ŁĄCZNIE ALBO JEDNEGO CZŁONKA ZARZĄDU ŁĄCZNIE Z PROKURENTEM.",NIE,NIE,,,,,,
PRZEDSIĘBIORSTWO PRODUKCYJNO HANDLOWO USŁUGOWE BAS POL SP Z O O,"PRZEDSIĘBIORSTWO PRODUKCYJNO - HANDLOWO - USŁUGOWE ""BAS - POL"" SPÓŁKA Z OGRANICZONĄ ODPOWIEDZIALNOŚCIĄ",Rejestr Przedsiębiorców,DOLNOŚLĄSKIE,291017,JAWORSKI,6951478112.0,PASZOWICE,2062473600000.0,ZĘBOWICE,SPÓŁKA Z OGRANICZONĄ ODPOWIEDZIALNOŚCIĄ,5,2007-10-19,59-411, ,WWW.BAS-POL.PL,,BIURO@BAS-POL.PL,,,,,,,"DO REPREZENTOWANIA SPÓŁKI NA ZEWNĄTRZ, SKŁADANIA OŚWIADCZEŃ I PODPISYWANIA W IMIENIU SPÓŁKI UPRAWIONY JEST KAŻDY CZŁONEK ZARZĄDU SAMODZIELNIE.",NIE,NIE,,,,,,
MGM SYSTEMS S A,MGM SYSTEMS SPÓŁKA AKCYJNA W LIKWIDACJI,Rejestr Przedsiębiorców,DOLNOŚLĄSKIE,400254,M. WROCŁAW,8982054615.0,M. WROCŁAW,93303262100000.0,WROCŁAW,SPÓŁKA AKCYJNA,,2011-10-25,, ,WWW.MGMSYSTEMS.PL,,INFO@MGSYSTEMS.PL,,,,,,,"W PRZYPADKU, GDY ZARZĄD JEST WIELOOSOBOWY, DO SKŁADANIA OŚWIADCZEŃ WOLI W IMIENIU SPÓŁKI ORAZ DO JEJ REPREZENTOWANIA UPOWAŻNIONYCH JEST DWÓCH CZŁONKÓW ZARZĄDU DZIAŁAJĄCYCH ŁĄCZNIE.",NIE,NIE,,,,,,
KORBANK S A,KORBANK SPÓŁKA AKCYJNA,Rejestr Przedsiębiorców,DOLNOŚLĄSKIE,369746,M. WROCŁAW,8942641602.0,M. WROCŁAW,93223969100000.0,WROCŁAW,SPÓŁKA AKCYJNA,NABYCIŃSKA 19,2010-11-09,53-677, ,WWW.KORBANK.PL,,ZARZAD@KORBANK.PL,,,,,,,"W PRZYPADKU  ZARZĄDU JEDNOOSOBOWEGO SKUTECZNA REPREZENTACJA SPÓŁKI WYKONYWANA JEST PRZEZ PREZESA ZARZĄDU.
W PRZYPADKU  ZARZĄDU  WIELOOSOBOWEGO, DO SKŁADANIA OŚWIADCZEŃ PROCESOWYCH W IMIENIU SPÓŁKI ORAZ OŚWIADCZEŃ W ZAKRESIE JEJ PRAW I OBOWIĄZKÓW:
 1) O CHARAKTERZE  MAJĄTKOWYM  UPOWAŻNIONY JEST:
 A) W PRZYPADKU GDY WARTOŚĆ ŚWIADCZENIA NIE PRZEKRACZA KWOTY 200000 (DWIEŚCIE TYSIĘCY)  ZŁ - KAŻDY CZŁONEK  ZARZĄDU  SAMODZIELNIE,
 B) W PRZYPADKU GDY WARTOŚĆ ŚWIADCZENIA PRZEKRACZA KWOTĘ 200000 (DWIEŚCIE TYSIĘCY)  ZŁ - DWÓCH CZŁONKÓW ZARZĄDU ŁĄCZNIE LUB CZŁONEK ZARZĄDU ŁĄCZNIE Z PROKURENTEM;
 2) O CHARAKTERZE NIEMAJĄTKOWYM  - KAŻDY CZŁONEK ZARZĄDU SAMODZIELNIE.",NIE,NIE,,,,,,
SECOM SP Z O O,"""SECOM"" SPÓŁKA Z OGRANICZONĄ ODPOWIEDZIALNOŚCIĄ",Rejestr Przedsiębiorców,DOLNOŚLĄSKIE,62342,M. WROCŁAW,8992123648.0,M. WROCŁAW,93111933500000.0,WROCŁAW,SPÓŁKA Z OGRANICZONĄ ODPOWIEDZIALNOŚCIĄ,SERNICKA 21,2001-11-14,50-503, ,,,,,,,,,,"DO SKŁADANIA OŚWIADCZEŃ I PODPISYWANIA WSZELKICH DOKUMENTÓW W IMIENIU SPÓŁKI WYMAGANE JEST, ABY PRAWO SAMOISTNEGO REPREZENTOWANIA ZARZĄDU PRZYSŁUGIWAŁO NASTĘPUJĄCYM CZŁONKOM ZARZĄDU: PREZESOWI I WICEPREZESOWI, A POZOSTAŁYM CZŁONKOM ZARZĄDU TYLKO PRAWO ŁĄCZNEGO REPREZENTOWANIA PRZEZ DWÓCH CZŁONKÓW.",NIE,NIE,,,,,,
JELENIOGÓRSKIE KOPALNIE SUROWCÓW MINERALNYCH LIPIŃSKI SPÓŁKA JAWNA,JELENIOGÓRSKIE KOPALNIE SUROWCÓW MINERALNYCH LIPIŃSKI SPÓŁKA JAWNA,Rejestr Przedsiębiorców,DOLNOŚLĄSKIE,265569,JELENIA GÓRA,6110202914.0,JELENIA GÓRA,23000526100000.0,JELENIA GÓRA,SPÓŁKA JAWNA,UL. WINCENTEGO POLA 31,2006-11-02,58-500, ,,,,,,,,,,KAŻDY WSPÓLNIK MA PRAWO REPREZENTOWAĆ SPÓŁKĘ SAMODZIELNIE.,NIE,NIE,,,,,,
PIAST BUSINESS SERVICE SP Z O O,PIAST BUSINESS SERVICE SPÓŁKA Z OGRANICZONĄ ODPOWIEDZIALNOŚCIĄ,Rejestr Przedsiębiorców,DOLNOŚLĄSKIE,132998,M. LEGNICA,6931902624.0,LEGNICA,39073983000000.0,LEGNICA,SPÓŁKA Z OGRANICZONĄ ODPOWIEDZIALNOŚCIĄ,JAWORZYŃSKA 67,2002-09-27,59-220, ,,,,,,,,,,"DO SKŁADANIA I PODPISYWANIA W IMIENIU SPÓŁKI OŚWIADCZEŃ W ZAKRESIE PRAW I OBOWIĄZKÓW MAJĄTKOWYCH ORAZ NIEMAJĄTKOWYCH SPÓŁKI UPOWAŻNIONY JEST:
W PRZYPADKU ZARZĄDU WIELOOSOBOWEGO:
- PREZES ZARZĄDU ŁĄCZNIE Z ZASTĘPCĄ PREZESA ALBO ŁĄCZNIE Z CZŁONKIEM ZARZĄDU, ALBO ŁĄCZNIE Z PROKURENTEM ALBO,
- ZASTĘPCA PREZESA ŁĄCZNIE Z DRUGIM ZASTĘPCĄ PREZESA, ALBO ZASTĘPCA PREZESA ŁĄCZNIE Z CZŁONKIEM ZARZĄDU, ALBO ŁĄCZNIE Z PROKURENTEM",NIE,NIE,,,,,,
TAKO MEDIA SP Z O O,TAKO MEDIA SPÓŁKA Z OGRANICZONĄ ODPOWIEDZIALNOŚCIĄ,Rejestr Przedsiębiorców,DOLNOŚLĄSKIE,294981,M. WROCŁAW,8961450205.0,M. WROCŁAW,2063440400000.0,WROCŁAW,SPÓŁKA Z OGRANICZONĄ ODPOWIEDZIALNOŚCIĄ,SOLSKIEGO 55,2007-12-14,52-401, ,,2015-10-21,,,2015-11-07,,,,,,NIE,NIE,,,,,,
PRZEDSIĘBIORSTWO WODOCIĄGÓW I KANALIZACJI W BOLESŁAWCU SP Z O O,PRZEDSIĘBIORSTWO WODOCIĄGÓW I KANALIZACJI W BOLESŁAWCU SPÓŁKA Z OGRANICZONĄ ODPOWIEDZIALNOŚCIĄ,Rejestr Przedsiębiorców,DOLNOŚLĄSKIE,295640,BOLESŁAWIECKI,6120004423.0,BOLESŁAWIEC,23005124900000.0,BOLESŁAWIEC,SPÓŁKA Z OGRANICZONĄ ODPOWIEDZIALNOŚCIĄ,ŁASICKA 17,2007-12-28,59-700, ,,,,,,,,,,DO DOKONYWANIA CZYNNOŚCI PRAWNYCH W IMIENIU SPÓŁKI UPOWAŻNIONY JEST PREZES ZARZĄDU LUB DWÓCH PROKURENTÓW DZIAŁAJĄCYCH ŁĄCZNIE.,NIE,NIE,,,,,,
PRZEDSIĘBIORSTWO PRODUKCYJNO USŁUGOWE I HANDLOWE OMEGA SPÓŁKA JAWNA RYCHTER TWARDZICKI,"PRZEDSIĘBIORSTWO PRODUKCYJNO, USŁUGOWE I HANDLOWE ""OMEGA"" SPÓŁKA JAWNA RYCHTER, TWARDZICKI",Rejestr Przedsiębiorców,DOLNOŚLĄSKIE,9845,ŚWIDNICKI,8870010771.0,ŚWIDNICA,89023061800000.0,ŚWIDNICA,SPÓŁKA JAWNA,ROLNICZA 19,2001-05-17,58-100, ,,,,,,,,,,"DO REPREZENTACJI SPÓŁKI UPOWAŻNIENI SĄ WSPÓLNICY, REPREZENTACJA DWUOSOBOWA
1. STANISŁAW RYCHTER
2. MIROSŁAW TWARDZICKI",NIE,NIE,,,,,,
INWEST TERMA OŚMIAŁOWSKI SPÓŁKA JAWNA,INWEST-TERMA OŚMIAŁOWSKI SPÓŁKA JAWNA,Rejestr Przedsiębiorców,DOLNOŚLĄSKIE,14677,M. WROCŁAW,8940008639.0,M. WROCŁAW,93017543200000.0,WROCŁAW,SPÓŁKA JAWNA,JERZMANOWSKA 126,2001-05-24,54-530, ,WWW.INWEST-TERMA.PL,,,,,,,,,KAŻDY WSPÓLNIK SAMODZIELNIE,NIE,NIE,,,,,,
JAKO HURT URSZULA KRZYSZTOF JAROSZ SPÓŁKA JAWNA,"JAKO-HURT URSZULA, KRZYSZTOF JAROSZ SPÓŁKA JAWNA",Rejestr Przedsiębiorców,DOLNOŚLĄSKIE,79332,OŁAWSKI,9121650799.0,OŁAWA,93194795400000.0,OŁAWA,SPÓŁKA JAWNA,OPOLSKA 7,2002-01-09,55-200, ,,2022-04-28,,,2022-05-26,,,,,,NIE,NIE,,,,,,
ASPA ELECTRO SP Z O O,"""ASPA ELECTRO"" SPÓŁKA Z OGRANICZONĄ ODPOWIEDZIALNOŚCIĄ",Rejestr Przedsiębiorców,DOLNOŚLĄSKIE,268940,M. WROCŁAW,8951870064.0,M. WROCŁAW,2041915000000.0,WROCŁAW,SPÓŁKA Z OGRANICZONĄ ODPOWIEDZIALNOŚCIĄ,MIECHOWITY 1,2006-12-01,51-162, ,,,,,,,,,,"JEŻELI ZARZĄD JEST WIELOOSOBOWY DO SKŁADANIA OŚWIADCZEŃ I PODPISYWANIA W IMIENIU SPÓŁKI UPOWAŻNIONYCH JEST DWÓCH CZŁONKÓW ZARZĄDU WSPÓLNIE LUB CZŁONEK ZARZĄDU ŁĄCZNIE Z PROKURENTEM.
W PRZYPADKU ZARZĄDU JEDNOOSOBOWEGO DO SKŁADANIA OŚWIADCZEŃ I PODPISYWANIA W IMIENIU SPÓŁKI UPOWAŻNIONY JEST SAMODZIELNIE JEDYNY CZŁONEK ZARZĄDU.",NIE,NIE,,,,,,
UZDROWISKO CIEPLICE SP Z O O GRUPA PGU,UZDROWISKO CIEPLICE SPÓŁKA Z OGRANICZONĄ ODPOWIEDZIALNOŚCIĄ - GRUPA PGU,Rejestr Przedsiębiorców,DOLNOŚLĄSKIE,41979,M. JELENIA GÓRA,6112256908.0,M. JELENIA GÓRA,23082774400000.0,JELENIA GÓRA,SPÓŁKA Z OGRANICZONĄ ODPOWIEDZIALNOŚCIĄ,PIOTRA ŚCIEGIENNEGO 9b,2001-09-06,58-560, ,,,,,,,,,,"JEŻELI ZARZĄD JEST JEDNOOSOBOWY, DO SKŁADANIA OŚWIADCZEŃ WOLI W IMIENIU SPÓŁKI UPRAWNIONY JEST JEDEN CZŁONEK ZARZĄDU. W PRZYPADKU ZARZĄDU WIELOOSOBOWEGO DO SKŁADANIA OŚWIADCZEŃ WOLI W IMIENIU SPÓŁKI WYMAGANE JEST WSPÓŁDZIAŁANIE DWÓCH CZŁONKÓW ZARZĄDU ALBO JEDNEGO CZŁONKA ZARZĄDU ŁĄCZNIE Z PROKURENTEM.",NIE,NIE,,,,,,
P P SOMET SPÓŁKA JAWNA J P M SOBKOWIAK,P.P. SOMET SPÓŁKA JAWNA J.P.M. SOBKOWIAK,Rejestr Przedsiębiorców,DOLNOŚLĄSKIE,195571,MILICKI,9161269692.0,MILICZ,93202402200000.0,SUŁÓW,SPÓŁKA JAWNA,ŻMIGRODZKA 11 /B,2004-02-20,56-300, ,,,,,,,,,,"KAŻDY ZE WSPÓLNIKÓW REPREZENTUJE SPÓŁKĘ SAMODZIELNIE W ZAKRESIE CZYNNOŚCI PRAWNYCH O WARTOŚCI DO KWOTY 100.000 (STO TYSIĘCY) ZŁOTYCH, W POZOSTAŁYCH PRZYPADKACH WYMAGANE JEST WSPÓŁDZIAŁANIE WSZYSTKICH WSPÓLNIKÓW ŁĄCZNIE.",NIE,NIE,,,,,,
AGENCJA ANTICORR WROCŁAW SP Z O O,AGENCJA ANTICORR WROCŁAW SPÓŁKA Z OGRANICZONĄ ODPOWIEDZIALNOŚCIĄ,Rejestr Przedsiębiorców,DOLNOŚLĄSKIE,225299,WROCŁAW,8951826011.0,WROCŁAW,93304789300000.0,WROCŁAW,SPÓŁKA Z OGRANICZONĄ ODPOWIEDZIALNOŚCIĄ,UL. STARGARDZKA 9E,2004-12-30,54-156, ,,,WROCLAW@ANTICORR.EU,,,,,,,"JEŻELI ZARZĄD JEST JEDNOOSOBOWY DO SKŁADANIA OŚWIADCZEŃ I PODPISYWANIA W IMIENIU SPÓŁKI UPOWAŻNIONY JEST PREZES ZARZĄDU, PRZY ZARZĄDZIE WIELOOSOBOWYM DO SKŁADANIA OŚWIADCZEŃ I PODPISYWANIA UPRAWNIONY JEST PREZES SAMODZIELNIE, DWAJ CZŁONKOWIE ZARZĄDU ŁĄCZNIE LUB CZŁONEK ZARZĄDU ŁĄCZNIE Z PROKURENTEM",NIE,NIE,,,,,,
SEGEPO REFA SP Z O O,"""SEGEPO - REFA"" SPÓŁKA Z OGRANICZONĄ ODPOWIEDZIALNOŚCIĄ",Rejestr Przedsiębiorców,DOLNOŚLĄSKIE,62522,ŚWIDNICKI,8842410731.0,ŚWIEBODZICE,89135268300000.0,ŚWIEBODZICE,SPÓŁKA Z OGRANICZONĄ ODPOWIEDZIALNOŚCIĄ,STREFOWA 2A,2001-11-20,58-160, ,,,,,,,,,,"DO SKŁADANIA OŚWIADCZEŃ WOLI W IMIENIU SPÓŁKI UPOWAŻNIENI SĄ:
1) W PRZYPADKU ZARZĄDU JEDNOOSOBOWEGO:
 - PREZES ZARZĄDU SAMODZIELNIE LUB DWÓCH PROKURENTÓW ŁĄCZNIE;
2) W PRZYPADKU ZARZĄDU WIELOOSOBOWEGO:
 - PREZES ZARZĄDU SAMODZIELNIE,
 - DWÓCH INNYCH CZŁONKÓW ZARZĄDU ŁĄCZNIE;
 - DWÓCH PROKURENTÓW ŁĄCZNIE.",NIE,NIE,,,,,,
KUDRYCKI MEDIA SERVICE SPÓŁKA KOMANDYTOWA,"""KUDRYCKI - MEDIA SERVICE SPÓŁKA KOMANDYTOWA""",Rejestr Przedsiębiorców,DOLNOŚLĄSKIE,64750,GŁOGOWSKI,6931971200.0,GŁOGÓW,39094514900000.0,GŁOGÓW,SPÓŁKA KOMANDYTOWA,PAULINÓW 10,2001-11-22,67-200, ,,,,,,,,,,KAŻDY KOMPLEMENTARIUSZ SAMODZIELNIE,NIE,NIE,,,,,,
DROMADER SPEDYCYJNO TRANSPORTOWA SP Z O O,"""DROMADER"" SPEDYCYJNO-TRANSPORTOWA SPÓŁKA Z OGRANICZONĄ ODPOWIEDZIALNOŚCIĄ",Rejestr Przedsiębiorców,DOLNOŚLĄSKIE,187762,M. WROCŁAW,9151581198.0,M. WROCŁAW,93213402900000.0,WROCŁAW,SPÓŁKA Z OGRANICZONĄ ODPOWIEDZIALNOŚCIĄ,DUBROWNICKA 9A,2004-01-15,51-208, ,,,,,,,,,,"W PRZYPADKU ZARZĄDU JEDNOOSOBOWEGO - JEDYNY CZŁONEK ZARZĄDU SAMODZIELNIE,
W PRZYPADKU ZARZĄDU WIELOOSOBOWREGO - DWÓCH CZŁONKÓW ZARZĄDU ŁĄCZNIE LUB CZŁONEK ZARZĄDU ŁĄCZNIE Z PROKURENTEM",NIE,NIE,,,,,,
DROMADER SPEDYCYJNO TRANSPORTOWA SP Z O O,"""DROMADER"" SPEDYCYJNO-TRANSPORTOWA SPÓŁKA Z OGRANICZONĄ ODPOWIEDZIALNOŚCIĄ",Rejestr Przedsiębiorców,DOLNOŚLĄSKIE,187762,M. WROCŁAW,9151581198.0,M. WROCŁAW,93213402900000.0,WROCŁAW,SPÓŁKA Z OGRANICZONĄ ODPOWIEDZIALNOŚCIĄ,DUBROWNICKA 9A,2004-01-15,51-208, ,,,,,,,,,,"W PRZYPADKU ZARZĄDU JEDNOOSOBOWEGO - JEDYNY CZŁONEK ZARZĄDU SAMODZIELNIE,
W PRZYPADKU ZARZĄDU WIELOOSOBOWREGO - DWÓCH CZŁONKÓW ZARZĄDU ŁĄCZNIE LUB CZŁONEK ZARZĄDU ŁĄCZNIE Z PROKURENTEM",NIE,NIE,,,,,,
ZAKŁAD GOSPODARKI I USŁUG KOMUNALNYCH SP Z O O,ZAKŁAD GOSPODARKI I USŁUG KOMUNALNYCH SPÓŁKA Z OGRANICZONĄ ODPOWIEDZIALNOŚCIĄ,Rejestr Przedsiębiorców,DOLNOŚLĄSKIE,116424,LUBAŃSKI,6131425217.0,LUBAŃ,23090730200000.0,LUBAŃ,SPÓŁKA Z OGRANICZONĄ ODPOWIEDZIALNOŚCIĄ,BANKOWA 8,2002-07-10,59-800, ,WWW.ZGIUK.LUBAN.PL,,BIURO.OBSLUGI@ZGIUKLUBAN.PL,,,,,,,DO SKŁADANIA OŚWIADCZEŃ WOLI W IMIENIU SPÓŁKI UPRAWNIONY JEST PREZES ZARZĄDU JEDNOOSOBOWO LUB DWÓCH PROKURENTÓW ŁĄCZNIE.,NIE,NIE,,,,,,
THERMOPATCH POLSKA SP Z O O,THERMOPATCH POLSKA SPÓŁKA Z OGRANICZONĄ ODPOWIEDZIALNOŚCIĄ,Rejestr Przedsiębiorców,DOLNOŚLĄSKIE,282624,WROCŁAW,8992607487.0,WROCŁAW,2053124200000.0,WROCŁAW,SPÓŁKA Z OGRANICZONĄ ODPOWIEDZIALNOŚCIĄ,UL. TADEUSZA WENDY 4,2007-06-12,52-407, ,,,,,,,,,,DO SKŁADANIA OŚWIADCZEŃ WOLI ORAZ PODPISYWANIA W IMIENIU SPÓŁKI UPOWAŻNIONY JEST PREZES ZARZĄDU SAMODZIELNIE LUB DWÓCH CZŁONKÓW ZARZĄDU ŁĄCZNIE ALBO CZŁONEK ZARZĄDU ŁĄCZNIE Z PROKURENTEM.,NIE,NIE,,,,,,
INKOPAX T SP Z O O,"""INKOPAX - T"" SPÓŁKA Z OGRANICZONĄ ODPOWIEDZIALNOŚCIĄ",Rejestr Przedsiębiorców,DOLNOŚLĄSKIE,147051,WROCŁAWSKI,8971680852.0,ŚWIĘTA KATARZYNA,93238132500000.0,ŻERNIKI WROCŁAWSKIE,SPÓŁKA Z OGRANICZONĄ ODPOWIEDZIALNOŚCIĄ,WROCŁAWSKA 16,2003-01-16,55-012, ,,,,,,,,,,DO SKŁADANIA OŚWIADCZEŃ W IMIENIU SPÓŁKI SĄ UPOWAŻNIENI ŁĄCZNIE DWAJ CZŁONKOWIE ZARZĄDU ALBO JEDEN CZŁONEK ZARZĄDU I PROKURENT. W PRZYPADKU ZARZĄDU JEDNOOSOBOWEGO - JEDYNY CZŁONEK ZARZĄDU.,NIE,NIE,,,,,,
NEDCON SILESIA SP Z O O,NEDCON SILESIA SPÓŁKA Z OGRANICZONĄ ODPOWIEDZIALNOŚCIĄ,Rejestr Przedsiębiorców,DOLNOŚLĄSKIE,148182,M. WROCŁAW,8991729314.0,M. WROCŁAW,93094217900000.0,WROCŁAW,SPÓŁKA Z OGRANICZONĄ ODPOWIEDZIALNOŚCIĄ,RZEŹNICZA 28-31,2003-01-22,50-130, ,,,,,,,,,,KAŻDY CZŁONEK ZARZĄDU UPRAWNIONY JEST DO SAMODZIELNEGO REPREZENTOWANIA SPÓŁKI,NIE,NIE,,,,,,
ROMAN CONSULTING EKA SP Z O O SPÓŁKA KOMANDYTOWA,ROMAN CONSULTING EKA SPÓŁKA Z OGRANICZONĄ ODPOWIEDZIALNOŚCIĄ SPÓŁKA KOMANDYTOWA,Rejestr Przedsiębiorców,DOLNOŚLĄSKIE,313169,WROCŁAW,8992653719.0,WROCŁAW,2082472500000.0,WROCŁAW,SPÓŁKA KOMANDYTOWA,UL. WYŚCIGOWA 56E,2008-09-10,53-012, ,WWW.ROMANCONSULTING.COM.PL,2018-02-28,ROMANCONSULTING@ROMANCONSULTING.COM.PL,,2018-03-16,,,,,,NIE,NIE,,,,,,
PHU DOMAGAŁA SPÓŁKA JAWNA,"""PHU DOMAGAŁA SPÓŁKA JAWNA""",Rejestr Przedsiębiorców,DOLNOŚLĄSKIE,11115,WROCŁAWSKI,8961301020.0,ŻÓRAWINA,93265771500000.0,WOJKOWICE,SPÓŁKA JAWNA,WROCŁAWSKA 37,2001-05-09,55-020, ,,,,,,,,,,WSZYSCY WSPÓLNICY SĄ UPRAWNIENI DO REPREZENTOWANIA SPÓŁKI ZARÓWNO W CZYNNOŚCIACH ZWYKŁEGO ZARZĄDU JAK I W CZYNNOŚCIACH PRZEKRACZAJĄCYCH ZAKRES ZWYKŁEGO ZARZĄDU. REPREZENTACJA JEDNOOSOBOWA.,NIE,NIE,,,,,,
WALTER SCHMIDT CEMENT POLSKA SP Z O O,"""WALTER SCHMIDT CEMENT POLSKA"" SPÓŁKA Z OGRANICZONĄ ODPOWIEDZIALNOŚCIĄ",Rejestr Przedsiębiorców,DOLNOŚLĄSKIE,174559,M. WROCŁAW,6191738150.0,M. WROCŁAW,93072917800000.0,WROCŁAW,SPÓŁKA Z OGRANICZONĄ ODPOWIEDZIALNOŚCIĄ,LEGNICKA 51-53 /89,2003-10-01,54-203, ,,,,,,,,,,DO SKŁADANIA OŚWIADCZEŃ I PODPISYWANIA W IMIENIU SPÓŁKI UPRAWNIONY JEST KAŻDY CZŁONEK ZARZĄDU SAMODZIELNIE.,NIE,NIE,,,,,,
PRZETWÓRSTWO TWORZYW SZTUCZNYCH WAŚ JÓZEF I LESZEK WAŚ SPÓŁKA JAWNA,"PRZETWÓRSTWO TWORZYW SZTUCZNYCH ""WAŚ"" JÓZEF I LESZEK WAŚ, SPÓŁKA JAWNA",Rejestr Przedsiębiorców,DOLNOŚLĄSKIE,7537,OŁAWSKI,9121654900.0,OŁAWA,93195196700000.0,GODZIKOWICE,SPÓŁKA JAWNA,"STALOWA 7,9",2001-04-12,55-200, ,,,,,,,,,,DO REPREZENTOWANIA SPÓŁKI UPRAWNIONY JEST KAŻDY ZE WSPÓLNIKÓW Z OSOBNA,NIE,NIE,,,,,,
HARTING POLSKA SP Z O O,"""HARTING POLSKA SPÓŁKA Z OGRANICZONĄ ODPOWIEDZIALNOŚCIĄ""",Rejestr Przedsiębiorców,DOLNOŚLĄSKIE,288791,WROCŁAW,8951892491.0,WROCŁAW,2058689800000.0,WROCŁAW,SPÓŁKA Z OGRANICZONĄ ODPOWIEDZIALNOŚCIĄ,DUŃSKA 11,2007-09-18,54-427, ,,,,,,,,,,"JEŚLI ZARZĄD JEST WIELOOSOBOWY, DO REPREZENTACJI UPRAWNIONY JEST KAŻDY CZŁONEK ZARZĄDU DZIAŁAJĄCY SAMODZIELNIE.",NIE,NIE,,,,,,
SALUS CENTRUM MEDYCZNE SP Z O O,SALUS CENTRUM MEDYCZNE SPÓŁKA Z OGRANICZONĄ ODPOWIEDZIALNOŚCIĄ,Rejestr Przedsiębiorców,DOLNOŚLĄSKIE,237133,KŁODZKI,8831611383.0,KŁODZKO,89106403300000.0,KŁODZKO,SPÓŁKA Z OGRANICZONĄ ODPOWIEDZIALNOŚCIĄ,KUSOCIŃSKIEGO 3 A,2005-07-21,57-300, ,,,,,,,,,,"ZARZĄD REPREZENTUJE SPÓŁKĘ NA ZEWNĄTRZ. W PRZYPADKU POWOŁANIA ZARZĄDU WIELOOSOBOWEGO, DO NABYWANIA PRAW I ZACIĄGANIA ZOBOWIĄZAŃ O WARTOŚCI NIEPRZEKRACZAJĄCEJ 100 000,00 ZŁ (STU TYSIĘCY ZŁOTYCH)  UPOWAŻNIONY JEST PREZES ZARZĄDU SPÓŁKI SAMODZIELNIE. DO NABYWANIA PRAW I ZACIĄGANIA ZOBOWIĄZAŃ O WARTOŚCI PRZEKRACZAJĄCEJ 100 000,00 ZŁ (STO TYSIĘCY ZŁOTYCH)  UPOWAŻNIONY JEST PREZES ZARZĄDU SPÓŁKI WRAZ Z DWOMA INNYMI CZŁONKAMI ZARZĄDU SPÓŁKI.",NIE,NIE,,,,,,
PETER LACKE POLSKA SP Z O O,"""PETER LACKE POLSKA"" SPÓŁKA Z OGRANICZONĄ ODPOWIEDZIALNOŚCIĄ",Rejestr Przedsiębiorców,DOLNOŚLĄSKIE,127743,WROCŁAWSKI,7811613361.0,ŚWIĘTA KATARZYNA,63118066300000.0,ŚWIĘTA KATARZYNA,SPÓŁKA Z OGRANICZONĄ ODPOWIEDZIALNOŚCIĄ,ŻERNICKA 9,2002-08-29,55-010, ,,,,,,,,,,"JEŻELI ZARZĄD JEST WIELOOSOBOWY, OŚWIADCZENIA W IMIENIU SPÓŁKI SKŁADA KAŻDY Z CZŁONKÓW ZARZĄDU SAMODZIELNIE, Z TYMŻE W PRZYPADKU OŚWIADCZEŃ WOLI SKŁADANYCH W IMIENIU SPÓŁKI W ZAKRESIE JEJ PRAW LUB OBOWIĄZKÓW MAJĄTKOWYCH OBEJMUJĄCYCH:
1) ZACIĄGANIE ZOBOWIĄZAŃ MAJĄTKOWYCH POWYŻEJ KWOTY 400 000,00 ZŁOTYCH,
2) ROZPORZĄDZANIE PRAWEM MAJĄTKOWYM POWYŻEJ KWOTY 100 000,00 ZŁOTYCH,
3} NABYCIE I ZBYCIE NIERUCHOMOŚCI, UŻYTKOWANIA WIECZYSTEGO LUB UDZIAŁU W NIERUCHOMOŚCI,
4) NABYCIE, ZBYCIE ALBO WYDZIERŻAWIENIE PRZEDSIĘBIORSTWA LUB JEGO ZORGANIZOWANEJ CZĘŚCI ORAZ USTANOWIENIE NA NICH OGRANICZONEGO PRAWA RZECZOWEGO,
- WYMAGANE JEST WSPÓŁDZIAŁANIE DWÓCH CZŁONKÓW ZARZĄDU LUB CZŁONKA ZARZĄDU Z PROKURENTEM.",NIE,NIE,,,,,,
ALKORN SP Z O O,ALKORN SPÓŁKA Z OGRANICZONĄ ODPOWIEDZIALNOŚCIĄ,Rejestr Przedsiębiorców,DOLNOŚLĄSKIE,97493,STRZELIŃSKI,9141473751.0,KONDRATOWICE,93277749000000.0,KONDRATOWICE,SPÓŁKA Z OGRANICZONĄ ODPOWIEDZIALNOŚCIĄ,DŁUGA 7,2002-03-08,57-150, ,,,,,,,,,,"DO SKŁADANIA OŚWIADCZEŃ WOLI I PODPISYWANIA DOKUMENTÓW W IMIENIU I NA RZECZ SPÓŁKI KAŻDY CZŁONEK ZARZĄDU UPOWAŻNIONY JEST SAMODZIELNIE, PEŁNOMOCNICY ŁĄCZNIE W RAMACH UMOCOWANIA.",NIE,NIE,,,,,,
LUBATEX SP Z O O,"""LUBATEX"" SPÓŁKA Z OGRANICZONĄ ODPOWIEDZIALNOŚCIĄ",Rejestr Przedsiębiorców,DOLNOŚLĄSKIE,231468,KAMIENNOGÓRSKI,6141554519.0,LUBAWKA,2005118600000.0,LUBAWKA,SPÓŁKA Z OGRANICZONĄ ODPOWIEDZIALNOŚCIĄ,MICKIEWICZA 17,2005-04-04,58-420, ,,,,,,,,,,DO SKŁADANIA OŚWIADCZEŃ WOLI I PODPISYWANIA W IMIENIU SPÓŁKI UPRAWNIONY JEST KAŻDY Z CZŁONKÓW ZARZĄDU SAMODZIELNIE,NIE,NIE,,,,,,
KINDERMAGNET POLSKA SP Z O O,"""KINDERMAGNET"" POLSKA SPÓŁKA Z OGRANICZONĄ ODPOWIEDZIALNOŚCIĄ",Rejestr Przedsiębiorców,DOLNOŚLĄSKIE,157510,WROCŁAW,8992472283.0,WROCŁAW,93290290700000.0,WROCŁAW,SPÓŁKA Z OGRANICZONĄ ODPOWIEDZIALNOŚCIĄ,UL. GWIAŹDZISTA 64 /29/8,2003-04-04,53-413, ,,,,,,,,,,"DO SKŁADANIA OŚWIADCZEŃ I PODPISÓW W IMIENIU SPÓŁKI UPRAWNIONY JEST PREZES ZARZĄDU SAMODZIELNIE, A W STOSUNKU DO POZOSTAŁYCH CZŁONKÓW ZARZĄDU WYMAGANE JEST WSPÓŁDZIAŁANIE DWÓCH CZŁONKÓW LUB JEDNEGO CZŁONKA ZARZĄDU ŁĄCZNIE Z PROKURENTEM.",NIE,NIE,,,,,,
ROPLA ELEKTRONIK SP Z O O,"""ROPLA ELEKTRONIK"" SPÓŁKA Z OGRANICZONĄ ODPOWIEDZIALNOŚCIĄ",Rejestr Przedsiębiorców,DOLNOŚLĄSKIE,60925,WROCŁAWSKI,8990022570.0,ŻÓRAWINA,93027258900000.0,SUCHY DWÓR,SPÓŁKA Z OGRANICZONĄ ODPOWIEDZIALNOŚCIĄ,UL. WROCŁAWSKA 1C,2001-11-29,52-200, ,,,,,,,,,,"DO SKŁADANIA OŚWIADCZEŃ W IMIENIU SPÓŁKI UPOWAŻNIONY JEST KAŻDY CZŁONEK ZARZĄDU SAMODZIELNIE, PROKURENT SAMOISTNY SAMODZIELNIE LUB DWÓCH PROKURENTÓW ŁĄCZNIE.",NIE,NIE,,,,,,
GERO DAIRY SP Z O O,"""GERO DAIRY"" SPÓŁKA Z OGRANICZONĄ ODPOWIEDZIALNOŚCIĄ",Rejestr Przedsiębiorców,DOLNOŚLĄSKIE,36011,TRZEBNICKI,9570705736.0,ŻMIGRÓD,19153491100000.0,BORZĘCIN,SPÓŁKA Z OGRANICZONĄ ODPOWIEDZIALNOŚCIĄ,46A,2001-08-16,55-140, ,,,GERODAIRY@WP.PL,,,,,,,REPREZENTACJA JEDNOOSOBOWA,NIE,NIE,,,,,,
ZAKŁAD ZAOPATRZENIA ROLNICTWA S J MAŁY REKIN SP Z O O,"ZAKŁAD ZAOPATRZENIA ROLNICTWA ""S J MAŁY REKIN"" SPÓŁKA Z OGRANICZONĄ ODPOWIEDZIALNOŚCIĄ",Rejestr Przedsiębiorców,DOLNOŚLĄSKIE,92496,M. LEGNICA,6911011247.0,M. LEGNICA,39039520000000.0,LEGNICA,SPÓŁKA Z OGRANICZONĄ ODPOWIEDZIALNOŚCIĄ,WROCŁAWSKA 255,2002-03-21,59-220, ,,,,,,,,,,DO SKŁADANIA OŚWIADCZEŃ WOLI W IMIENIU SPÓŁKI UPOWAŻNIONY JEST KAŻDY CZŁONEK ZARZĄDU SAMODZIELNIE.,NIE,NIE,,,,,,
BARTEK CANDLES MAŁGORZATA I JANUSZ BRYŁKOWSCY SPÓŁKA JAWNA,"""BARTEK CANDLES"" MAŁGORZATA I JANUSZ BRYŁKOWSCY SPÓŁKA JAWNA",Rejestr Przedsiębiorców,DOLNOŚLĄSKIE,148740,OŁAWSKI,9121639326.0,OŁAWA,93188779000000.0,BYSTRZYCA,SPÓŁKA JAWNA,WÓJCICKA 12,2003-02-06,55-200, ,,,,,,,,,,"UPRAWNIONYMI DO REPREZENTACJI SPÓŁKI SĄ WSZYSCY WSPÓLNICY I PROKURENT SAMOISTNY, PRZY CZYM SKŁADAĆ OŚWIADCZENIA WOLI W IMIENIU SPÓŁKI MOGĄ: KAŻDY ZE WSPÓLNIKÓW SAMODZIELNIE, PROKURENT SAMOISTNY SAMODZIELNIE, LUB DWÓCH PROKURENTÓW ŁĄCZNYCH DZIAŁAJĄCY WSPÓLNIE",NIE,NIE,,,,,,
KESSLER POLSKA SP Z O O,"""KESSLER-POLSKA"" SPÓŁKA Z OGRANICZONĄ ODPOWIEDZIALNOŚCIĄ",Rejestr Przedsiębiorców,DOLNOŚLĄSKIE,177581,STRZELIŃSKI,8871493731.0,PRZEWORNO,89056006600000.0,PRZEWORNO,SPÓŁKA Z OGRANICZONĄ ODPOWIEDZIALNOŚCIĄ,OKRĘŻNA 14 B,2003-10-27,57-130, ,,,,,,,,,,KAŻDY CZŁONEK ZARZĄDU SAMODZIELNIE,NIE,NIE,,,,,,
CAPRICORN S A,"""CAPRICORN"" SPÓŁKA AKCYJNA",Rejestr Przedsiębiorców,DOLNOŚLĄSKIE,0000472600,ŚWIDNICKI,8840021600,ŚWIEBODZICE,89148925800000,ŚWIEBODZICE,SPÓŁKA AKCYJNA,CIERNIE 11,2013-08-12,58-160, ,WWW.CAPRICORN.PL,,CAPRICORN@CAPRICORN.PL,,,,,,,"DO SKŁADANIA OŚWIADCZEŃ I PODPISYWANIA W IMIENIU SPÓŁKI W ZAKRESIE PRAW I OBOWIĄZKÓW MAJĄTKOWYCH WYMAGANE JEST WSPÓŁDZIAŁANIE DWÓCH CZŁONKÓW ZARZĄDU ALBO JEDNEGO CZŁONKA ZARZĄDU ŁĄCZNIE Z PROKURENTEM, PRZY CZYM DOPUSZCZALNE JEST WSPÓŁDZIAŁANIE CZŁONKA ZARZĄDU ZARÓWNO Z PROKURENTEM SAMOISTNYM, JAK I PROKURENTEM ŁĄCZNYM.",NIE,NIE,,,,,,
